{"$schema":"http://schema.management.azure.com/schemas/2015-01-01/deploymentTemplate.json#","contentVersion":"1.0.0.0","parameters":{"factoryName":{"type":"string","metadata":"Data Factory name"},"nyc_web_ls":{"type":"string"},"datalakels":{"type":"string"}},"variables":{"factoryId":"[concat('Microsoft.DataFactory/factories/', parameters('factoryName'))]"},"resources":[{"name":"[concat(parameters('factoryName'), '/Http_Raw_ADLS')]","type":"Microsoft.DataFactory/factories/pipelines","apiVersion":"2018-06-01","properties":{"activities":[{"name":"Iterative Months","type":"ForEach","dependsOn":[],"userProperties":[],"typeProperties":{"items":{"value":"@range(1,12)","type":"Expression"},"isSequential":true,"activities":[{"name":"If Condition1","type":"IfCondition","dependsOn":[],"userProperties":[],"typeProperties":{"expression":{"value":"@greater(item(),9)","type":"Expression"},"ifFalseActivities":[{"name":"less than 9","type":"Copy","dependsOn":[],"policy":{"timeout":"0.12:00:00","retry":0,"retryIntervalInSeconds":30,"secureOutput":false,"secureInput":false},"userProperties":[],"typeProperties":{"source":{"type":"ParquetSource","storeSettings":{"type":"HttpReadSettings","requestMethod":"GET"},"formatSettings":{"type":"ParquetReadSettings"}},"sink":{"type":"ParquetSink","storeSettings":{"type":"AzureBlobFSWriteSettings"},"formatSettings":{"type":"ParquetWriteSettings"}},"enableStaging":false,"translator":{"type":"TabularTranslator","typeConversion":true,"typeConversionSettings":{"allowDataTruncation":true,"treatBooleanAsNumber":false}}},"inputs":[{"referenceName":"nyc_src_dataset","type":"DatasetReference","parameters":{"p_month":{"value":"@item()","type":"Expression"}}}],"outputs":[{"referenceName":"nyc_sink_dataset","type":"DatasetReference","parameters":{}}]}],"ifTrueActivities":[{"name":"greater than 9","type":"Copy","dependsOn":[],"policy":{"timeout":"0.12:00:00","retry":0,"retryIntervalInSeconds":30,"secureOutput":false,"secureInput":false},"userProperties":[],"typeProperties":{"source":{"type":"ParquetSource","storeSettings":{"type":"HttpReadSettings","requestMethod":"GET"},"formatSettings":{"type":"ParquetReadSettings"}},"sink":{"type":"ParquetSink","storeSettings":{"type":"AzureBlobFSWriteSettings"},"formatSettings":{"type":"ParquetWriteSettings"}},"enableStaging":false,"translator":{"type":"TabularTranslator","typeConversion":true,"typeConversionSettings":{"allowDataTruncation":true,"treatBooleanAsNumber":false}}},"inputs":[{"referenceName":"nyc_raw_source_greater","type":"DatasetReference","parameters":{"p_month_greater":{"value":"@item()","type":"Expression"}}}],"outputs":[{"referenceName":"nyc_sink_dataset","type":"DatasetReference","parameters":{}}]}]}}]}}],"policy":{"elapsedTimeMetric":{}},"annotations":[],"lastPublishTime":"2024-11-24T18:54:12Z"},"dependsOn":["[concat(variables('factoryId'), '/datasets/nyc_src_dataset')]","[concat(variables('factoryId'), '/datasets/nyc_sink_dataset')]","[concat(variables('factoryId'), '/datasets/nyc_raw_source_greater')]"]},{"name":"[concat(parameters('factoryName'), '/nyc_src_dataset')]","type":"Microsoft.DataFactory/factories/datasets","apiVersion":"2018-06-01","properties":{"linkedServiceName":{"referenceName":"[parameters('nyc_web_ls')]","type":"LinkedServiceReference"},"parameters":{"p_month":{"type":"string"}},"annotations":[],"type":"Parquet","typeProperties":{"location":{"type":"HttpServerLocation","relativeUrl":{"value":"trip-data/green_tripdata_2023-0@{dataset().p_month}.parquet","type":"Expression"}},"compressionCodec":"snappy"},"schema":[]},"dependsOn":[]},{"name":"[concat(parameters('factoryName'), '/nyc_sink_dataset')]","type":"Microsoft.DataFactory/factories/datasets","apiVersion":"2018-06-01","properties":{"linkedServiceName":{"referenceName":"[parameters('datalakels')]","type":"LinkedServiceReference"},"annotations":[],"type":"Parquet","typeProperties":{"location":{"type":"AzureBlobFSLocation","folderPath":"trip2023data","fileSystem":"bronzelayer"},"compressionCodec":"snappy"},"schema":[]},"dependsOn":[]},{"name":"[concat(parameters('factoryName'), '/nyc_raw_source_greater')]","type":"Microsoft.DataFactory/factories/datasets","apiVersion":"2018-06-01","properties":{"linkedServiceName":{"referenceName":"[parameters('nyc_web_ls')]","type":"LinkedServiceReference"},"parameters":{"p_month_greater":{"type":"string"}},"annotations":[],"type":"Parquet","typeProperties":{"location":{"type":"HttpServerLocation","relativeUrl":{"value":"trip-data/green_tripdata_2023-@{dataset().p_month_greater}.parquet","type":"Expression"}},"compressionCodec":"snappy"},"schema":[]},"dependsOn":[]}]}